INSERT INTO country (id, country_name, created, updated) VALUES (1, 'США', '2021-01-23 16:44:04.117', '2021-01-23 16:44:04.117');
INSERT INTO country (id, country_name, created, updated) VALUES (2, 'Россия', '2021-01-23 16:44:04.117', '2021-01-23 16:44:04.117');
INSERT INTO country (id, country_name, created, updated) VALUES (3, 'Франция', '2021-01-23 16:44:04.117', '2021-01-23 16:44:04.117');

INSERT INTO genre (genre_name, created, updated) VALUES ('Ужасы', '2021-01-23 16:44:04.117', '2021-01-23 16:44:04.117');
INSERT INTO genre (genre_name, created, updated) VALUES ('Комедия', '2021-01-23 16:44:04.117', '2021-01-23 16:44:04.117');
INSERT INTO genre (genre_name, created, updated) VALUES ('Драма', '2021-01-23 16:44:04.117', '2021-01-23 16:44:04.117');
INSERT INTO genre (genre_name, created, updated) VALUES ('Фантастика', '2021-01-23 16:44:04.117', '2021-01-23 16:44:04.117');
INSERT INTO genre (genre_name, created, updated) VALUES ('Боевик', '2021-01-23 16:44:04.117', '2021-01-23 16:44:04.117');

INSERT INTO movie (title, release_year, director, description, country_id, created, updated) VALUES ('Чужой', 1979, 'Ридли Скотт', 'В далеком будущем возвращающийся на Землю грузовой космический корабль перехватывает исходящий с неизвестной планеты неопознанный сигнал. Экипаж, в соответствии с основными инструкциями, обязан найти и исследовать источник сигнала. Оказавшись на планете, астронавты повсюду обнаруживают неопознанные предметы, по виду напоминающие гигантские коконы.', 1, '2021-01-23 16:44:04.117', '2021-01-23 16:44:04.117');
INSERT INTO movie (title, release_year, director, description, country_id, created, updated) VALUES ('Однажды в америке', 1983, 'Серджио Леоне', 'В бурные двадцатые годы, когда Америка веселилась под звуки джаза и каждый бродяга мечтал стать миллионером, в трущобах Нью-Йорка встретились несколько отчаянных парней. Убирая с дороги конкурентов, безжалостно карая предателей и нагло проворачивая хитроумные аферы, они стали королями преступного мира золотой эры «сухого закона». Они поклялись отдать жизнь друг за друга, зная, что самое главное для них - это дружба, долг и справедливость - не утопить в реках крови и бездонном океане денег. Спустя много лет судьба жестоко обошлась с легендарными гангстерами, заставив их исполнить свою клятву. Это случилось однажды в Америке…', 1, '2021-01-23 16:44:04.117', '2021-01-23 16:44:04.117');
INSERT INTO movie (title, release_year, director, description, country_id, created, updated) VALUES ('Жандарм и инопланетяне', 1978, 'Жан Жиро', 'Все земные враги уже побеждены бесстрашным отрядом жандармов и их сержантом Крюшо. Осталось помериться силами с пришельцами, и они действительно высаживаются в окрестностях Сен-Тропе. Коварные существа принимают вид обычных людей, отличаясь от них только тем, что пьют масло и ржавеют от воды.', 3, '2021-01-23 16:44:04.117', '2021-01-23 16:44:04.117');
INSERT INTO movie (title, release_year, director, description, country_id, created, updated) VALUES ('Братство Волка', 2001, 'Кристоф Ганс', 'Франция, вторая половина XVIII века. В местечке под названием Жевадан появляется страшное существо, прозванное жителями Зверем, оно безжалостно убивает женщин и детей. Зверь кажется неуловимым, уходя от многочисленных облав, его не берут пули, он исчезает так же внезапно как появляется, и только немногие выжившие способны описать его внешность.', 3, '2021-01-23 16:44:04.117', '2021-01-23 16:44:04.117');
INSERT INTO movie (title, release_year, director, description, country_id, created, updated) VALUES ('Пролетая над гнездом кукушки', 1975, 'Милош Форман', 'Рэндла Патрика Макмёрфи, патологического преступника и бунтаря, переводят из колонии в психиатрическую клинику, чтобы установить, является он душевнобольным или нет. В клинике он обнаруживает, что отделение контролирует хладнокровная, строгая и одержимая распорядком старшая медсестра Милдред Рэтчед. Макмёрфи намерен не подчиняться абсурдным, на его взгляд, правилам и одновременно повеселиться от души. Его бунтарская натура заражает других пациентов, но сестра Рэтчед решительно настроена пресечь это.', 1, '2021-01-23 16:44:04.117', '2021-01-23 16:44:04.117');
INSERT INTO movie (title, release_year, director, description, country_id, created, updated) VALUES ('Коммандо', 1985, 'Марк Л. Лестер', 'Бывший командир спецотряда, полковник в отставке Джон Матрикс, живёт в большом доме вдали от города вместе со своей 11-летней дочерью Дженни, пока однажды её не похищает бывший подчинённый Джона. Теперь бывшим сослуживцам придётся несладко.', 1, '2021-01-23 16:44:04.117', '2021-01-23 16:44:04.117');
INSERT INTO movie (title, release_year, director, description, country_id, created, updated) VALUES ('Терминатор', 1984, 'Джеймс Кэмерон', 'История противостояния солдата Кайла Риза и киборга-терминатора, прибывших в 1984-й год из пост-апокалиптического будущего, где миром правят машины-убийцы, а человечество находится на грани вымирания. Цель киборга: убить девушку по имени Сара Коннор, чей ещё нерождённый сын к 2029 году выиграет войну человечества с машинами. Цель Риза: спасти Сару и остановить Терминатора любой ценой.', 1, '2021-01-23 16:44:04.117', '2021-01-23 16:44:04.117');
INSERT INTO movie (title, release_year, director, description, country_id, created, updated) VALUES ('Меченосец', 2006, 'Филипп Янковский', 'Главный герой Саша идет по жизни, оставляя за собой кровавый след. За ним охотятся. Но горе тому из его преследователей, кто сумеет его настичь. Взрослея, он превращается в инструмент для восстановления справедливости. Чем омерзительнее преступление, тем страшнее наказание. Чудовищные и необъяснимые события разрезают ткань нашей действительности.', 2, '2021-01-23 16:44:04.117', '2021-01-23 16:44:04.117');
INSERT INTO movie (title, release_year, director, description, country_id, created, updated) VALUES ('Географ глобус пропил', 2013, 'Александр Велединский', 'Молодой биолог Виктор Служкин от безденежья идет работать учителем географии в обычную пермскую школу. Он борется, а потом и дружит с учениками, конфликтует с завучем, ведет десятиклассников в поход - сплавляться по реке. Еще он пьет с друзьями вино, пытается ужиться с женой и водит в детский сад маленькую дочку. Он просто живет...', 2, '2021-01-23 16:44:04.117', '2021-01-23 16:44:04.117');
INSERT INTO movie (title, release_year, director, description, country_id, created, updated) VALUES ('Елки', 2010, 'Тимур Бекмамбетов', 'Новогодние события происходят в 11 городах: Калининграде, Казани, Перми, Уфе, Бавлах, Екатеринбурге, Красноярске, Якутске, Новосибирске, Санкт-Петербурге и Москве. Герои фильма — таксист и поп-дива, бизнесмен и актер, сноубордист и лыжник, студент и пенсионерка, пожарный и директриса, вор и милиционер, гастарбайтер и президент России. Все они оказываются в самый канун Нового года в очень непростой ситуации, выйти из которой им поможет только чудо… или Теория шести рукопожатий, согласно которой каждый человек на земле знает другого через шесть знакомых.', 2, '2021-01-23 16:44:04.117', '2021-01-23 16:44:04.117');

INSERT INTO movie_genre (movie_id, genre_id, created, updated) VALUES (1, 1, '2021-01-23 16:44:04.117', '2021-01-23 16:44:04.117');
INSERT INTO movie_genre (movie_id, genre_id, created, updated) VALUES (1, 4, '2021-01-23 16:44:04.117', '2021-01-23 16:44:04.117');
INSERT INTO movie_genre (movie_id, genre_id, created, updated) VALUES (2, 3, '2021-01-23 16:44:04.117', '2021-01-23 16:44:04.117');
INSERT INTO movie_genre (movie_id, genre_id, created, updated) VALUES (3, 2, '2021-01-23 16:44:04.117', '2021-01-23 16:44:04.117');
INSERT INTO movie_genre (movie_id, genre_id, created, updated) VALUES (3, 4, '2021-01-23 16:44:04.117', '2021-01-23 16:44:04.117');
INSERT INTO movie_genre (movie_id, genre_id, created, updated) VALUES (4, 1, '2021-01-23 16:44:04.117', '2021-01-23 16:44:04.117');
INSERT INTO movie_genre (movie_id, genre_id, created, updated) VALUES (4, 5, '2021-01-23 16:44:04.117', '2021-01-23 16:44:04.117');
INSERT INTO movie_genre (movie_id, genre_id, created, updated) VALUES (5, 3, '2021-01-23 16:44:04.117', '2021-01-23 16:44:04.117');
INSERT INTO movie_genre (movie_id, genre_id, created, updated) VALUES (6, 5, '2021-01-23 16:44:04.117', '2021-01-23 16:44:04.117');
INSERT INTO movie_genre (movie_id, genre_id, created, updated) VALUES (7, 5, '2021-01-23 16:44:04.117', '2021-01-23 16:44:04.117');
INSERT INTO movie_genre (movie_id, genre_id, created, updated) VALUES (7, 4, '2021-01-23 16:44:04.117', '2021-01-23 16:44:04.117');
INSERT INTO movie_genre (movie_id, genre_id, created, updated) VALUES (8, 5, '2021-01-23 16:44:04.117', '2021-01-23 16:44:04.117');
INSERT INTO movie_genre (movie_id, genre_id, created, updated) VALUES (8, 4, '2021-01-23 16:44:04.117', '2021-01-23 16:44:04.117');
INSERT INTO movie_genre (movie_id, genre_id, created, updated) VALUES (9, 3, '2021-01-23 16:44:04.117', '2021-01-23 16:44:04.117');
INSERT INTO movie_genre (movie_id, genre_id, created, updated) VALUES (10, 2, '2021-01-23 16:44:04.117', '2021-01-23 16:44:04.117');

INSERT INTO role (id, role_name, created, updated) VALUES (1, 'ROLE_USER', '2021-01-23 16:44:04.117', '2021-01-23 16:44:04.117');
INSERT INTO role (id, role_name, created, updated) VALUES (2, 'ROLE_ADMIN', '2021-01-23 16:44:04.117', '2021-01-23 16:44:04.117');

INSERT INTO user_account (user_name, password, role_id, created, updated) VALUES ('user1', 'user1', 1, '2021-01-23 16:44:04.117', '2021-01-23 16:44:04.117');
INSERT INTO user_account (user_name, password, role_id, created, updated) VALUES ('user2', 'user2', 1, '2021-01-23 16:44:04.117', '2021-01-23 16:44:04.117');
INSERT INTO user_account (user_name, password, role_id, created, updated) VALUES ('user3', 'user3', 1, '2021-01-23 16:44:04.117', '2021-01-23 16:44:04.117');
INSERT INTO user_account (user_name, password, role_id, created, updated) VALUES ('admin', 'admin', 2, '2021-01-23 16:44:04.117', '2021-01-23 16:44:04.117');